ID,Type,SKU,Name,Published,"Is featured?","Visibility in catalog","Short description",Description,"Date sale price starts","Date sale price ends","Tax status","Tax class","In stock?",Stock,"Low stock amount","Backorders allowed?","Sold individually?","Weight (kg)","Length (cm)","Width (cm)","Height (cm)","Allow customer reviews?","Purchase note","Sale price","Regular price",Categories,Tags,"Shipping class",Images,"Download limit","Download expiry days",Parent,"Grouped products",Upsells,Cross-sells,"External URL","Button text",Position,"Meta: supplier_1_name","Meta: supplier_1_product_url","Meta: supplier_1_item_number","Meta: supplier_2_name","Meta: supplier_2_product_url","Meta: supplier_2_item_number","Meta: quantity_ASKotec2.0","Meta: supplier_1_price","Meta: supplier_2_price","Meta: woosg_ids","Meta: woosg_selector","Meta: _atum_attachments"
64,simple,,"Open Learning Guide",1,0,visible,"<strong>Delivery time:</strong> 2-3 weeks",,,,taxable,,1,,,0,0,,,,,0,,,1,Information,ASKotec2.0,,"https://askotec.openculture.agency/wp-content/uploads/Open-Learning-Guide01.jpg, https://askotec.openculture.agency/wp-content/uploads/IMG_0977.jpg",,,,,,,,,0,,,,,,,1,,,,
67,simple,,"Open Hardware Guide",1,0,visible,"<strong>Delivery time:</strong> 2-3 weeks",,,,taxable,,1,,,0,0,,,,,0,,,1,Information,ASKotec2.0,,"https://askotec.openculture.agency/wp-content/uploads/IMG_0978.jpg, https://askotec.openculture.agency/wp-content/uploads/IMG_0979.jpg",,,,,,,,,0,,,,,,,1,1,,,
69,simple,,"Open Training Guide",1,0,visible,"<strong>Delivery time:</strong> 2-3 weeks",,,,taxable,,1,,,0,0,,,,,0,,,1,Information,ASKotec2.0,,"https://askotec.openculture.agency/wp-content/uploads/IMG_0981.jpg, https://askotec.openculture.agency/wp-content/uploads/IMG_0983.jpg",,,,,,,,,0,,,,,,,1,1,,,
72,simple,MSEG1,"1 Way Switch (0 I)",1,0,visible,"<strong>Delivery time:</strong> 2-3 weeks","WS 13x19-1E rocker switch",,,taxable,,1,,,0,0,,,,,0,,,"0,3",Materials,,SEGOR,"https://askotec.openculture.agency/wp-content/uploads/One-way-switch.jpg, https://askotec.openculture.agency/wp-content/uploads/oneway-switch-copy.jpg, https://askotec.openculture.agency/wp-content/uploads/IMG_1529-copy.jpg",,,,,,,,,0,SEGOR,https://www.segor.de/#Q=WS13x19-1E(0-1),"WS 13x19-1E (0-1) ",reichelt,https://www.reichelt.com/wippschalter-1x-aus-schwarz-i-o-wippe-1801-1146-p36770.html,"WIPPE 1801.1146",10,"1,6","1,12",,
74,simple,MBAU01,"1,5 V AA Batteries",1,0,visible,"<strong>Delivery time:</strong> 2-3 weeks","Mignon 1,5 V AA/LR6",,,taxable,,1,,,0,0,,,,,0,,,"0,40",Materials,,reichelt,"https://askotec.openculture.agency/wp-content/uploads/IMG_1205-1.jpg, https://askotec.openculture.agency/wp-content/uploads/IMG_1204.jpg",,,,,,,,,0,reichelt,https://www.reichelt.com/gold-alkaline-batterie-aa-mignon-4er-pack-evg-4xaa-p249457.html,"EVG 4XAA",,,,1,"1,54",,,
76,simple,MSEG03,"3 Way Switch (I 0 II)",1,0,visible,"<strong>Delivery time:</strong> 2-3 weeks","21x15mm, 250 V / 6 A\n\n<table border=""1"">\n\n<tbody>\n\n<tr>\n\n<th>ASKotec Version</th>\n\n<th>Quantity</th>\n\n</tr>\n\n<tr>\n\n<td>v.2.0</td>\n\n<td>5</td>\n\n</tr>\n\n</tbody>\n\n</table>",,,taxable,,1,,,0,0,,,,,0,,,"1,99",Materials,,reichelt,"https://askotec.openculture.agency/wp-content/uploads/3-way-switch-I-0-II-scaled.jpg, https://askotec.openculture.agency/wp-content/uploads/IMG_0872.jpg, https://askotec.openculture.agency/wp-content/uploads/IMG_0873.jpg, https://askotec.openculture.agency/wp-content/uploads/IMG_0874.jpg, https://askotec.openculture.agency/wp-content/uploads/IMG_0875.jpg, https://askotec.openculture.agency/wp-content/uploads/IMG_0876.jpg, https://askotec.openculture.agency/wp-content/uploads/IMG_0877.jpg",,,,,,,,,0,reichelt,https://www.reichelt.com/wippschalter-1x-um-schwarz-i-o-ii-wippe-1808-1103-p108238.html,"WIPPE 1808.1103",SEGOR,https://www.segor.de/#Q=WS13x19-1US0S(I-0-II),"WS 13x19-1U S0S (I-0-II) ",5,"2,14","4,9",,
79,simple,Mrei01,"4V Solar Panel 200mA",1,0,visible,"<strong>Delivery time:</strong> 2-3 weeks","SOLAR SM4200 solar cell, encapsulated, 4 V, 0,2 A",,,taxable,,1,,,0,0,,,,,0,,,"8,6","Materials, Training-Modules > Solar-Charger",ASKotec2.0,reichelt,"https://askotec.openculture.agency/wp-content/uploads/IMG_1021.jpg, https://askotec.openculture.agency/wp-content/uploads/IMG_1018.jpg, https://askotec.openculture.agency/wp-content/uploads/IMG_1013.jpg",,,,,,,,,0,reichelt,https://www.reichelt.de/solarzelle-vergossen-4-v-0-2-a-solar-sm4200-p159961.html,trstct=pos_3,,,,,10,"8,6",,
83,simple,MSEG04,"5V Regulator",1,0,visible,"<strong>Delivery time:</strong> 2-3 weeks","7805 +5V 1A TO220",,,taxable,,1,,,0,0,,,,,0,,,"0,32",Materials,,SEGOR,https://askotec.openculture.agency/wp-content/uploads/IMG_0902.jpg,,,,,,,,,0,SEGOR,https://www.segor.de/#Q=7805,M=1,7805,,,10,,"0,4",,
85,simple,Mrei02,"Batteries CR 2032",1,0,visible,"<strong>Delivery time:</strong> 2-3 weeks","CR 2032 X5 RND Lithium button cell, 3 V,\n\n20,0x3,2 mm, pack of 5",,,taxable,,1,,,0,0,,,,,0,,,"1,16",Materials,,reichelt,"https://askotec.openculture.agency/wp-content/uploads/Batteries-CR-2023.jpg, https://askotec.openculture.agency/wp-content/uploads/IMG_0677.jpg",,,,,,,,,0,reichelt,https://www.reichelt.com/de/de/lithium-knopfzelle-3-v-20-0x3-2-mm-sparpack-cr-2032-x5-rnd-p222558.html,,,,,1,"1,16",,,
89,simple,MSEG07,"Battery Wire Connectors",1,0,visible,"<strong>Delivery time:</strong> 2-3 weeks","9V connection BC-9I",,,taxable,,1,,,0,0,,,,,0,,,"0,25",Materials,,SEGOR,https://askotec.openculture.agency/wp-content/uploads/IMG_0938.jpg,,,,,,,,,0,SEGOR,https://www.segor.de/#Q=BC-9I&amp;amp,"BC-9 I","BC-9 I",,,2,"0,25",,,
91,simple,MSEG28,"Big LED Lights White",1,0,visible,"<strong>Delivery time:</strong> 2-3 weeks",,,,taxable,,1,,,0,0,,,,,0,,,"0,88",Materials,,SEGOR,https://askotec.openculture.agency/wp-content/uploads/IMG_0917.jpg,,,,,,,,,0,SEGOR,https://www.segor.de/#Q=LED10ws%252F150cd-35%25C2%25B0120mA,M=1,"LED 10 ws/150cd-35°120mA ",,,10,10,"1,2",,
93,simple,Mrei03,"Black Iso Tape",1,0,visible,"<strong>Delivery time:</strong> 2-3 weeks","ISOBAND black VDE, 10 m x 15 mm",,,taxable,,1,,,0,0,,,,,0,,,"0,55",Materials,,reichelt,"https://askotec.openculture.agency/wp-content/uploads/IMG_1256.jpg, https://askotec.openculture.agency/wp-content/uploads/IMG_1253.jpg",,,,,,,,,0,reichelt,https://www.reichelt.com/vde-isolierband-10-m-breite-15-mm-schwarz-isoband-sw-p8975.html,"ISOBAND SW",,,,1,"0,5","0,55",,
95,simple,MSEG09,"Capacitors 100μF",1,0,visible,"<strong>Delivery time:</strong> 2-3 weeks",,,,taxable,,1,,,0,0,,,,,0,,,"0,16",Materials,,SEGOR,https://askotec.openculture.agency/wp-content/uploads/Capacitors-100-2.jpg,,,,,,,,,0,SEGOR,https://www.segor.de/#Q=ELRA100u-35%252F105%25C2%25B0&M=1,"ELRA 100u-35/105°lowESR ",,,,10,"0,16",,,
97,simple,MSEG10,"Capacitors 10μF",1,0,visible,"<strong>Delivery time:</strong> 2-3 weeks","10 μF 35 V",,,taxable,,1,,,0,0,,,,,0,,,"0,08",Materials,,SEGOR,https://askotec.openculture.agency/wp-content/uploads/IMG_0925.jpg,,,,,,,,,0,SEGOR,https://www.segor.de/#Q=ELRA10u-35%252F105%25C2%25B0%252F4x7&M=1,"ELRA 10u-35/105°/4x7 ",,,,10,"0,08",,,
99,simple,MSEG11,"Circuit Board for Arduino Set",1,0,visible,"<strong>Delivery time:</strong> 2-3 weeks","811/5-5*100MM dot matrix",,,taxable,,1,,,0,0,,,,,0,,,1,Materials,ASKotec2.0,SEGOR,https://askotec.openculture.agency/wp-content/uploads/IMG_1177.jpg,,,,,,,,,0,SEGOR,https://www.segor.de/#Q=811%252F5-50x100mm,M=1,811/5-50x100mm,,,,5,1,,
101,simple,Mrei04,"Crocodile Clips (PACK OF 10)",1,0,visible,"<strong>Delivery time:</strong> 2-3 weeks","MK 612S connection lines, pack of 10",,,taxable,,1,,,0,0,,,,,0,,,"1,5",Materials,ASKotec2.0,reichelt,"https://askotec.openculture.agency/wp-content/uploads/2020/01/DSCF8648.jpg, https://askotec.openculture.agency/wp-content/uploads/2020/01/DSCF8640.jpg, https://askotec.openculture.agency/wp-content/uploads/2020/01/DSCF8641.jpg, https://askotec.openculture.agency/wp-content/uploads/2020/01/DSCF8642.jpg, https://askotec.openculture.agency/wp-content/uploads/2020/01/DSCF8643.jpg, https://askotec.openculture.agency/wp-content/uploads/2020/01/DSCF8645.jpg, https://askotec.openculture.agency/wp-content/uploads/2020/01/DSCF8646.jpg",,,,,,,,,0,reichelt,https://www.reichelt.com/verbindungsleitungs-satz-10-teilig-mk-612s-p12242.html,"MK 612S",,,,2,"1,99",,,
110,simple,MDM02,"Desinfaction spray",1,0,visible,"<strong>Delivery time:</strong> 2-3 weeks","wound spray",,,taxable,,1,,,0,0,,,,,0,,,"5,95",Materials,,DM,"https://askotec.openculture.agency/wp-content/uploads/IMG_0632-1.jpg, https://askotec.openculture.agency/wp-content/uploads/IMG_0635.jpg, https://askotec.openculture.agency/wp-content/uploads/IMG_0640_1.jpg, https://askotec.openculture.agency/wp-content/uploads/IMG_0640.jpg",,,,,,,,,0,DM,https://www.dm.de/octenisept-wund-desinfektion-p4032651214181.html,octenisept,,,,1,"5,95",,,
114,simple,Mrei05,"Duct Tape",1,0,visible,"<strong>Delivery time:</strong> 2-3 weeks","TESA 56389 SW 50 m x 50 mm",,,taxable,,1,,,0,0,,,,,0,,,"7,95",Materials,ASKotec2.0,reichelt,"https://askotec.openculture.agency/wp-content/uploads/Duck-Tape.jpg, https://askotec.openculture.agency/wp-content/uploads/IMG_0671.jpg, https://askotec.openculture.agency/wp-content/uploads/IMG_0675.jpg",,,,,,,,,0,reichelt,https://www.reichelt.com/folienband-tesa-extra-power-universal-50-m-x-50-mm-schwarz-tesa-56389-sw-p78959.html,"TESA 56389 SW",nbc=1,"TESA 56389 SW",,"8,45",1,"8,24",,
116,simple,MRea01,"First Aid Kit",1,0,visible,"<strong>Delivery time:</strong> 2-3 weeks","Wundmed first aid set + belt loop (32 parts)",,,taxable,,1,3,,1,0,,,,,0,,,"3,3",Materials,,,https://askotec.openculture.agency/wp-content/uploads/IMG_0786-1.jpg,,,,,,,,,0,Real,,309711227,,,,1,"3,3",,,
119,simple,MBAU02,"Garden Wire",1,0,visible,"<strong>Delivery time:</strong> 2-3 weeks","Gardol Silver, zinc-plated, 40 m, 0,65 mm",,,taxable,,1,,,0,0,,,,,0,,,"1,89",Materials,,BAUHAUS,"https://askotec.openculture.agency/wp-content/uploads/IMG_1139.jpg, https://askotec.openculture.agency/wp-content/uploads/IMG_1137.jpg",,,,,,,,,0,BAUHAUS,https://www.bauhaus.info/pflanzenbinder/gardol-gartendraht/p/24803731,24803731,Modulor,https://www.modulor.de/stahl-wickeldraht-o-0-65-mm-l-ca-38-m-100g-blau-geglueht-roh.html,4500897-510,1,"1,89",,,
121,simple,MBAU03,"Glue stick",1,0,visible,"<strong>Delivery time:</strong> 2-3 weeks","UHU stick 21g",,,taxable,,1,,,0,0,,,,,0,,,"2,49",Materials,,BAUHAUS,https://askotec.openculture.agency/wp-content/uploads/IMG_0720-1-scaled.jpg,,,,,,,,,0,BAUHAUS,https://www.bauhaus.info/kontaktkleber-alleskleber/uhu-klebstift-stic/p/15358104,15358104,SMDV,https://www.smdv.de/products/522910/Pritt-Klebestift-Original-22g-PK611.html,W743191,1,"2,49","1,69",,
123,simple,Mrei06,"Heat Shrink Tubes (PACK OF 100)",1,0,visible,"<strong>Delivery time:</strong> 2-3 weeks","DELOCK 86271, black pack of 100",,,taxable,,1,,,0,0,,,,,0,,,"3,99",Materials,ASKotec2.0,reichelt,"https://askotec.openculture.agency/wp-content/uploads/IMG_1048.jpg, https://askotec.openculture.agency/wp-content/uploads/IMG_1047.jpg",,,,,,,,,0,reichelt,https://www.reichelt.com/schrumpfschlauch-sortiment-schwarz-100-teilig-delock-86271-p152924.html,"DELOCK 86271",,,,1,"3,99",,,
127,simple,MSEG13,"Jumper Wire M/M (PACK OF 40)",1,0,visible,"<strong>Delivery time:</strong> 2-3 weeks","FlexJumper 10M/M (40x)",,,taxable,,1,,,0,0,,,,,0,,,"4,5",Materials,,SEGOR,"https://askotec.openculture.agency/wp-content/uploads/IMG_1116.jpg, https://askotec.openculture.agency/wp-content/uploads/IMG_1115.jpg",,,,,,,,,0,SEGOR,,,,,,1,"4,5",,,
128,simple,MSEG15,"LED Lights Mini Red",1,0,visible,"<strong>Delivery time:</strong> 2-3 weeks","3 RT / -25X (3mm)",,,taxable,,1,,,0,0,,,,,0,,,"0,07",Materials,,SEGOR,https://askotec.openculture.agency/wp-content/uploads/IMG_0909.jpg,,,,,,,,,0,SEGOR,,,,,,25,"0,07",,,
129,simple,MSEG34,"LED Lights Mini White",1,0,visible,"<strong>Delivery time:</strong> 2-3 weeks","LED 5 uh ws/23cd-15°",,,taxable,,1,,,0,0,,,,,0,,,"0,12",Materials,,SEGOR,"https://askotec.openculture.agency/wp-content/uploads/IMG_0911.jpg, https://askotec.openculture.agency/wp-content/uploads/IMG_0918-1.jpg, https://askotec.openculture.agency/wp-content/uploads/IMG_0917-1.jpg",,,,,,,,,0,SEGOR,,"LED 5 uh ws/23cd-15°",,,,10,"0,12",,,
131,simple,MSEG16,"Monobloc battery 9V",1,0,visible,"<strong>Delivery time:</strong> 2-3 weeks","Duracell 6LP3146",,,taxable,,1,,,0,0,,,,,0,,,"2,6",Materials,,SEGOR,https://askotec.openculture.agency/wp-content/uploads/IMG_0896.jpg,,,,,,,,,0,SEGOR,,"9V-Akali Duracel",,,,2,"2,6",,,
134,simple,MDM01,"Ointment Gel",1,0,visible,"<strong>Delivery time:</strong> 2-3 weeks","wound-healing gel",,,taxable,,1,,,0,0,,,,,0,,,"3,95",Materials,,DM,https://askotec.openculture.agency/wp-content/uploads/Ointment-Gel.jpg,,,,,,,,,0,DM,https://www.dm.de/octenisept-wundgel-p4032651980284.html,,,,,1,"4,95",,,
136,simple,Mrei07,"4 in 1 USB Hub",1,0,visible,"<strong>Delivery time:</strong> 2-3 weeks","DIGITUS DA-70216, USB 2.0 Hub, 100cm",,,taxable,,1,,,0,0,,,,,0,,,"6,6",Materials,ASKotec2.0,reichelt,"https://askotec.openculture.agency/wp-content/uploads/IMG_0967.jpg, https://askotec.openculture.agency/wp-content/uploads/IMG_0966.jpg",,,,,,,,,0,reichelt,https://www.reichelt.com/de/de/digitus-usb-2-0-4-port-kabel-hub-100cm-digitus-da-70216-p116474.html,,,,,2,"6,6",,,
138,simple,MSEG17,"plastic bags",1,0,visible,"<strong>Delivery time:</strong> 2-3 weeks","PE/G 80x120 (100x)",,,taxable,,1,,,0,0,,,,,0,,,"0,02",Materials,ASKotec2.0,SEGOR,https://askotec.openculture.agency/wp-content/uploads/IMG_1472-scaled.jpg,,,,,,,,,0,SEGOR,,,,,,20,"0,02",,,
140,simple,MSEG18,"Rechargeable Batteries",1,0,visible,"<strong>Delivery time:</strong> 2-3 weeks","AA Mignon-eneloop/Box 2000mA",,,taxable,,1,,,0,0,,,,,0,,,"2,90",Materials,ASKotec2.0,SEGOR,https://askotec.openculture.agency/wp-content/uploads/IMG_0791.jpg,,,,,,,,,0,SEGOR,,,,,,2,"11,8",,,
162,woosg,,"#ASKmod First Aid Set",1,0,visible,"<strong>Delivery time:</strong> 2-3 weeks","<p style=""text-align:right;""><a href=""https://github.com/opencultureagency/ASKmod-First-Aid-Set"">#ASKmod First Aid Set on GitHub</a></p>\n\n\n\n[git-github-markdown url=""https://github.com/opencultureagency/ASKmod-First-Aid-Set/blob/main/README.md"" cache_ttl=""3600"" cache_strategy=""static""]",,,taxable,,1,,,0,0,,,,,0,,,"13,90",Materials,"ASKmod, ASKotec2.0",,"https://askotec.openculture.agency/wp-content/uploads/IMG_1468-scaled.jpg, https://askotec.openculture.agency/wp-content/uploads/IMG_0787.jpg",,,,,,,,,0,,,,,,,,,,"116/1,110/1,134/1",default
188,simple,MSEG19,"Resistors 10 Ω",1,0,visible,"<strong>Delivery time:</strong> 2-3 weeks","10R-0204-1% 0,4W TK50",,,taxable,,1,,,0,0,,,,,0,,,"0,02",Materials,,SEGOR,https://askotec.openculture.agency/wp-content/uploads/2020/01/DSCF8773.jpg,,,,,,,,,0,SEGOR,https://www.segor.de/#Q=MF10R-1%2525&M=1,"MF 10R-1%",,,,50,"0,025",,,
189,simple,MSEG32,"Resistors 100 Ω",1,0,visible,"<strong>Delivery time:</strong> 2-3 weeks","100R-0204-1% 0,4W",,,taxable,,1,,,0,0,,,,,0,,,"0,02",Materials,,SEGOR,,,,,,,,,,0,SEGOR,https://www.segor.de/#Q=MF100R-1%2525&M=1,"MF 100R-1%",reichelt,https://www.reichelt.de/widerstand-metallschicht-100-ohm-0207-0-6-w-1--metall-100-p11457.html?&trstct=pos_0&nbc=1,"METALL 100",50,"0,025","0,08",,
190,simple,MSEG31,"Resistors 1000 Ω",1,0,visible,"<strong>Delivery time:</strong> 2-3 weeks","1kR-0204-1% 0,4W",,,taxable,,1,,,0,0,,,,,0,,,"0,02",Materials,,SEGOR,https://askotec.openculture.agency/wp-content/uploads/2020/01/DSCF8780.jpg,,,,,,,,,0,SEGOR,https://www.segor.de/#Q=MF1k0-1%2525&M=1,MF1k0-1%2525,,,,50,"0,025",,,
191,simple,MSEG21,"Resistors 15 Ω",1,0,visible,"<strong>Delivery time:</strong> 2-3 weeks","15R-0204-1% 0,4W TK50",,,taxable,,1,,,0,0,,,,,0,,,"0,02",Materials,,SEGOR,https://askotec.openculture.agency/wp-content/uploads/IMG_0922.jpg,,,,,,,,,0,SEGOR,https://www.segor.de/#Q=MF15R-1%2525&M=1,MF15R-1%2525,,,,50,"0,025",,,
194,simple,,"Resistors 300 Ω",1,0,visible,"<strong>Delivery time:</strong> 2-3 weeks","300R-0204-1% 0,4W TK50",,,taxable,,1,,,0,0,,,,,0,,,"0,02",Materials,,SEGOR,https://askotec.openculture.agency/wp-content/uploads/IMG_0905.jpg,,,,,,,,,0,SEGOR,https://www.segor.de/#Q=MF300R-1%2525&M=1,MF300R-1%2525,,,,50,"0,02",,,
195,simple,MBAU06,"Sand Paper Piece",1,0,visible,"<strong>Delivery time:</strong> 2-3 weeks","small piece of sandpaper sheet 100",,,taxable,,1,,,0,0,,,,,0,,,"0,95",Materials,ASKotec2.0,BAUHAUS,https://askotec.openculture.agency/wp-content/uploads/IMG_1491-copy-scaled.jpg,,,,,,,,,0,BAUHAUS,,,,,,1,"0,95",,,
197,simple,MSEG23,"Single Color Red Wire",1,0,visible,"<strong>Delivery time:</strong> 2-3 weeks","LIYV0,5RT 25m (RED)",,,taxable,,1,,,0,0,,,,,0,,,7,Materials,ASKotec2.0,SEGOR,https://askotec.openculture.agency/wp-content/uploads/red.jpg,,,,,,,,,0,SEGOR,https://www.segor.de/#Q=LiYv0%252C5rt(25m)&amp;M=1,"LiYv 0,5rt (25m) ",,,,1,7,,,
198,simple,MPAP01,"Small Trainer Notepad",1,0,visible,"<strong>Delivery time:</strong> 2-3 weeks","Spiral Block A6",,,taxable,,1,,,0,0,,,,,0,,,"1,19",Materials,ASKotec2.0,Modulor,https://askotec.openculture.agency/wp-content/uploads/2020/01/DSCF8637.jpg,,,,,,,,,0,PAPER-LA-PAP,,,Modulor,https://www.modulor.de/clairefontaine-block-mit-spiralbindung-pupitre-blau-kariert-75-x-120-60-blatt-120-seiten.html,192563,1,"1,19","2,7",,
200,simple,MSEG24,"Solder roll",1,0,visible,"<strong>Delivery time:</strong> 2-3 weeks","ø 1mm, 100g, leaded\n\n\n\n\n\n\n\n\n\n\n\n\n\n\n\nLZ 1,0- 100/BleifreiSN99",,,taxable,,1,,,0,0,,,,,0,,,5,Materials,,SEGOR,"https://askotec.openculture.agency/wp-content/uploads/IMG_1260.jpg, https://askotec.openculture.agency/wp-content/uploads/IMG_1259.jpg, https://askotec.openculture.agency/wp-content/uploads/IMG_1261.jpg",,,,,,,,,0,SEGOR,,"LZ 1,0- 100/BleifreiSN99",,,,1,5,,,
202,simple,MSEG25,"Soldering Grease",1,0,visible,"<strong>Delivery time:</strong> 2-3 weeks","KOLOPHONIUM 20 G STANNOL",,,taxable,,1,,,0,0,,,,,0,,,"3,5",Materials,,SEGOR,"https://askotec.openculture.agency/wp-content/uploads/IMG_1263.jpg, https://askotec.openculture.agency/wp-content/uploads/IMG_1265.jpg",,,,,,,,,0,SEGOR,https://www.segor.de/#Q=Kolophonium20g%253BStannol&amp;M=1,"Kolophonium 20g Stannol",,,,1,"3,5",,,
204,simple,MPAP02,"Sticky Notes",1,0,visible,"<strong>Delivery time:</strong> 2-3 weeks","yellow sticky notes pack of 3x 100 small",,,taxable,,1,,,0,0,,,,,0,,,"0,33",Materials,,Modulor,https://askotec.openculture.agency/wp-content/uploads/IMG_1133.jpg,,,,,,,,,0,PAPER-LA-PAP,,,Modulor,https://www.modulor.de/tesa-officenotes-gelb-40-x-50-mm-3-x-100-blatt.html,144650,3,"0,33",,,
206,simple,MToo02,"Strong Allround Glue",1,0,visible,"<strong>Delivery time:</strong> 2-3 weeks","50g Allround Glue strong, flex &amp; clean",,,taxable,,1,,,0,0,,,,,0,,,"2,49",Materials,,BAUHAUS,"https://askotec.openculture.agency/wp-content/uploads/IMG_0717.jpg, https://askotec.openculture.agency/wp-content/uploads/IMG_0718.jpg",,,,,,,,,0,BAUHAUS,https://www.bauhaus.info/kontaktkleber-alleskleber/uhu-kontakt-kraftkleber/p/15350889,15350889,SMDV,https://www.smdv.de/products/256675/UHU-Kontakt-Kraftkleber-Gel-Kontaktkleber-46480-42g.html,W46489,1,"5,45","2,81",,
208,simple,MBAU09,"SuperGlue Pipette",1,0,visible,"<strong>Delivery time:</strong> 2-3 weeks","10g SuperGlue extra strong Pipette",,,taxable,,1,,,0,0,,,,,0,,,"6,85",Materials,,BAUHAUS,"https://askotec.openculture.agency/wp-content/uploads/IMG_0713.jpg, https://askotec.openculture.agency/wp-content/uploads/IMG_0714.jpg",,,,,,,,,0,BAUHAUS,https://www.bauhaus.info/sekundenkleber/uhu-sekundenkleber-blitzschnell/p/15358348,15358348,SMDV,https://www.smdv.de/products/256570/UHU-blitzschnelle-Pipette-Mehrzweckkleber-48795-10g.html,W46418,1,"6,85","5,6",,
210,simple,MBAU10,Twine,1,0,visible,"<strong>Delivery time:</strong> 2-3 weeks","Stabilit plastic twine",,,taxable,,1,,,0,0,,,,,0,,,"1,86",Materials,ASKotec2.0,BAUHAUS,"https://askotec.openculture.agency/wp-content/uploads/Twine1.jpg, https://askotec.openculture.agency/wp-content/uploads/Twine-1.jpg, https://askotec.openculture.agency/wp-content/uploads/Twine2.jpg",,,,,,,,,0,BAUHAUS,https://www.bauhaus.info/naturseile/stabilit-bindfaden/p/10191067,10191067,,,,1,"1,86",,,
232,simple,MSEG27,"Twin Wire for Arduino Set",1,0,visible,"<strong>Delivery time:</strong> 2-3 weeks","LIY 2*0,14RT/SW 5M",,,taxable,,1,,,0,0,,,,,0,,,"2,2",Materials,ASKotec2.0,SEGOR,"https://askotec.openculture.agency/wp-content/uploads/IMG_1191.jpg, https://askotec.openculture.agency/wp-content/uploads/IMG_1193.jpg",,,,,,,,,0,SEGOR,,,,,,1,"2,2",,,
235,simple,MSEG30,"Zip Ties mid size (PACK OF 100)",1,0,visible,"<strong>Delivery time:</strong> 2-3 weeks","100 zip ties black, 200x3,6mm",,,taxable,,1,,,0,0,,,,,0,,,"3,8",Materials,ASKotec2.0,SEGOR,"https://askotec.openculture.agency/wp-content/uploads/IMG_0844.jpg, https://askotec.openculture.agency/wp-content/uploads/IMG_0834.jpg",,,,,,,,,0,SEGOR,https://www.segor.de/#Q=KB200x3%252C6sw(100x)&amp;M=1,"KB 200x3,6sw (100x)",,,,1,"3,8",,,
237,simple,TSEG01,"Arduino Starter Set V3",1,0,visible,"<strong>Delivery time:</strong> 2-3 weeks","STARTER SET V3",,,taxable,,1,,,0,0,,,,,0,,,69,Materials,ASKotec2.0,SEGOR,"https://askotec.openculture.agency/wp-content/uploads/IMG_0653.jpg, https://askotec.openculture.agency/wp-content/uploads/IMG_0657.jpg, https://askotec.openculture.agency/wp-content/uploads/IMG_0663.jpg",,,,,,,,,0,SEGOR,https://www.segor.de/INFO/startersets/arduino-starterset-v3.shtml,,,,,1,69,,,
239,simple,TSEG02,"Assortment box",1,0,visible,"<strong>Delivery time:</strong> 2-3 weeks","310x105x40mm 8 partitions PP 200/CA",,,taxable,,1,,,0,0,,,,,0,,,"7,5",Materials,,SEGOR,"https://askotec.openculture.agency/wp-content/uploads/IMG_0951.jpg, https://askotec.openculture.agency/wp-content/uploads/IMG_0952.jpg, https://askotec.openculture.agency/wp-content/uploads/IMG_0953.jpg, https://askotec.openculture.agency/wp-content/uploads/IMG_0954.jpg",,,,,,,,,0,SEGOR,,"PP 200/CA (o.Tw)",,,,1,"7,5",,,
241,simple,TCON02,"Battery Soldering Iron",1,0,visible,"<strong>Delivery time:</strong> 2-3 weeks",8W,,,taxable,,1,,,0,0,,,,,0,,,"9,99",Tools,,reichelt,"https://askotec.openculture.agency/wp-content/uploads/IMG_1240.jpg, https://askotec.openculture.agency/wp-content/uploads/IMG_1238.jpg",,,,,,,,,0,reichelt,https://www.reichelt.de/batterie-loetkolben-8-w-kolben-zd-20d-p90936.html,"KOLBEN ZD-20D",,,,1,"4,95",,,
243,simple,TSEG03,"Bread Board 400",1,0,visible,"<strong>Delivery time:</strong> 2-3 weeks","Protoboard Size 400",,,taxable,,1,,,0,0,,,,,0,,,"4,8",Materials,,SEGOR,"https://askotec.openculture.agency/wp-content/uploads/IMG_1182.jpg, https://askotec.openculture.agency/wp-content/uploads/IMG_1179.jpg",,,,,,,,,0,SEGOR,,,,,,1,"4,8",,,
248,simple,Trei02,Calculator,1,0,visible,"<strong>Delivery time:</strong> 2-3 weeks","REBELL ECO10 Eco line, black",,,taxable,,1,,,0,0,,,,,0,,,"4,19",Tools,ASKotec2.0,reichelt,"https://askotec.openculture.agency/wp-content/uploads/IMG_0699-copy.jpg, https://askotec.openculture.agency/wp-content/uploads/IMG_0698-copy.jpg",,,,,,,,,0,reichelt,https://www.reichelt.com/taschenrechner-eco-line-8-stellen-schwarz-rebell-eco10-p253933.html,"REBELL ECO10",,,,1,"4,19",,,
250,simple,Trei03,Clipboard,1,0,visible,"<strong>Delivery time:</strong> 2-3 weeks",black,,,taxable,,1,,,0,0,,,,,0,,,"1,95",Tools,ASKotec2.0,reichelt,"https://askotec.openculture.agency/wp-content/uploads/IMG_0973.jpg, https://askotec.openculture.agency/wp-content/uploads/IMG_0974.jpg",,,,,,,,,0,reichelt,https://www.reichelt.com/klemmbrett-schwarz-klemmbrett-sw-p192365.html,"KLEMMBRETT SW",,,,1,"1,95",,,
252,simple,Trei28,"Combination Chain Lock",1,0,visible,"<strong>Delivery time:</strong> 2-3 weeks","Fischer combination lock green",,,taxable,,1,,,0,0,,,,,0,,,"8,99",Tools,ASKotec2.0,BAUHAUS,"https://askotec.openculture.agency/wp-content/uploads/IMG_0988.jpg, https://askotec.openculture.agency/wp-content/uploads/IMG_0987.jpg",,,,,,,,,0,BAUHAUS,https://www.bauhaus.info/fahrradschloesser/fischer-kabelschloss/p/24727567,24727567,reichelt,https://www.reichelt.com/bike-fahrrad-zahlenschloss-10mm-80cm-schwarz-bike-43015-p267212.html,"BIKE 43015",1,"8,99","2,77",,
254,simple,TSEG05,"Copper Solder Cleaner",1,0,visible,"<strong>Delivery time:</strong> 2-3 weeks","AA 2mm 1,6m STANNOL",,,taxable,,1,,,0,0,,,,,0,,,"2,4",Materials,,SEGOR,"https://askotec.openculture.agency/wp-content/uploads/IMG_1250.jpg, https://askotec.openculture.agency/wp-content/uploads/IMG_1251.jpg",,,,,,,,,0,SEGOR,https://www.segor.de/#Q=AA2%252C0mm&amp;M=1,"AA 2,0mm ",,,,1,"2,4",,,
256,simple,Trei04,Cutter,1,0,visible,"<strong>Delivery time:</strong> 2-3 weeks","FISKARS 1397 cutter, 9 mm blade",,,taxable,,1,,,0,0,,,,,0,,,"1,4",Tools,,reichelt,https://askotec.openculture.agency/wp-content/uploads/IMG_1062.jpg,,,,,Trei05,,,,0,reichelt,https://www.reichelt.com/cuttermesser-flach-9-mm-klinge-fiskars-1397-p177117.html,"FISKARS 1397",,,,1,"1,4",,,
258,simple,Trei05,"Cutter blades (PACK OF 10)",1,0,visible,"<strong>Delivery time:</strong> 2-3 weeks","FISKARS 1391 10x 9 mm replacement blades",,,taxable,,1,,,0,0,,,,,0,,,"1,1",Materials,,reichelt,"https://askotec.openculture.agency/wp-content/uploads/IMG_1067.jpg, https://askotec.openculture.agency/wp-content/uploads/IMG_1071.jpg",,,,,Trei04,,,,0,reichelt,https://www.reichelt.com/ersatzklingen-9-mm-klinge-fiskars-1391-p177118.html,"FISKARS 1391",,,,1,"1,1",,,
260,simple,TPAP01,Eraser,1,0,visible,"<strong>Delivery time:</strong> 2-3 weeks","small eraser",,,taxable,,1,,,0,0,,,,,0,,,1,Tools,,Modulor,"https://askotec.openculture.agency/wp-content/uploads/IMG_1054.jpg, https://askotec.openculture.agency/wp-content/uploads/IMG_1053.jpg",,,,,,,,,0,PAPER-LA-PAP,,,Modulor,https://www.modulor.de/maped-technic-600-radierer-fuer-blei-und-farbstift.html,144203,1,1,"0,85",,
262,simple,Trei07,"Hacksaw (incl. 12 blades)",1,0,visible,"<strong>Delivery time:</strong> 2-3 weeks","MINI SAEGE 12 ::150 mm blades",,,taxable,,1,,,0,0,,,,,0,,,"2,15",Tools,ASKotec2.0,reichelt,"https://askotec.openculture.agency/wp-content/uploads/Hacksaw-incl.-12-bladesjpg.jpg, https://askotec.openculture.agency/wp-content/uploads/IMG_0771.jpg, https://askotec.openculture.agency/wp-content/uploads/IMG_0773.jpg",,,,,,,,,0,reichelt,,,,,,1,"2,15",,,
265,simple,Trei08,Headphones,1,0,visible,"<strong>Delivery time:</strong> 2-3 weeks","HQ-HP107IE :: In-Ear Stereo",,,taxable,,1,,,0,0,,,,,0,,,2,Tools,,reichelt,https://askotec.openculture.agency/wp-content/uploads/Headphones.jpg,,,,,,,,,0,reichelt,https://www.reichelt.com/de/de/in-ear-stereo-kopfhoerer-hq-hp107ie-p162299.html,trstct=pos_1,,,,1,1,2,,
267,simple,Tr0g01,HyracBox,1,0,visible,"<strong>Delivery time:</strong> 2-3 weeks","small/big offline server for storing links to important open resources | comes with cable &amp",,,taxable,,1,,,0,0,0,,,,0,0,,1,Tools,ASKotec2.0,ASKotec2.0,"https://askotec.openculture.agency/wp-content/uploads/IMG_0997.jpg, https://askotec.openculture.agency/wp-content/uploads/IMG_0995.jpg",,,,,,,,,0,0,,https://www.hyracbox.com/solutions,,,,,1,,,
269,simple,Ttas01,"Laptop Keyboard Stickers QWERTY",1,0,visible,"<strong>Delivery time:</strong> 2-3 weeks","keyboard replacement stickers QWERTY (USA layout)\n\nThe font color is white and the background black. The size of each button is 14x14mm.",,,taxable,,1,,,0,0,,,,,0,,,"5,99",Tools,ASKotec2.0,tastaturaufkleber.eu,https://askotec.openculture.agency/wp-content/uploads/keyboard_replacement_stickers_USA.jpeg,,,,,Teba04,,,,0,tastaturaufkleber.eu,https://www.tastaturaufkleber.eu/Tastaturaufkleber/Tastaturaufkleber-PC/Englisch-USA/Tastaturaufkleber-ENGLISCHUSA-MAXI::92.html,10ENGMAw,,,,1,"5,99",,,
270,simple,Teba04,"Laptop | Dell E7240 | OS: Zorin OS 15",1,0,visible,"<strong>Delivery time:</strong> 2-3 weeks","Dell Latitude E7240 i5-4300U 1,9GHz 8GB 128GB SSD 12,5""",,,taxable,,1,,,0,0,,,,,0,,,210,Tools,ASKotec2.0,,"https://askotec.openculture.agency/wp-content/uploads/IMG_0758.jpg, https://askotec.openculture.agency/wp-content/uploads/IMG_0759.jpg, https://askotec.openculture.agency/wp-content/uploads/IMG_0760.jpg, https://askotec.openculture.agency/wp-content/uploads/IMG_0747.jpg, https://askotec.openculture.agency/wp-content/uploads/IMG_0748.jpg",,,,,"Tr0g01, Ttas01, TSAT01, Trei23",,,,0,ebay,"""https://www.ebay.de/sch/i.html?_from=R40&amp;amp_trksid=p2380057.m570.l1313""",,_nkw=Dell+Latitude+E7240+i5-4300U&amp;amp,_sacat=0,"Dell Latitude E7240 i5-4300U",1,210,,,
271,simple,TSEG6,"LED Tester",1,0,visible,"<strong>Delivery time:</strong> 2-3 weeks","LED TESTER 2...150MA",,,taxable,,1,,,0,0,,,,,0,,,"6,8",Tools,,SEGOR,"https://askotec.openculture.agency/wp-content/uploads/IMG_1214.jpg, https://askotec.openculture.agency/wp-content/uploads/IMG_1217.jpg, https://askotec.openculture.agency/wp-content/uploads/IMG_1219.jpg",,,,,,,,,0,SEGOR,https://www.segor.de/#Q=LED-Tester2...150mA&amp;M=1,"LED-Tester 2...150mA ",,,,1,"6,8",,,
274,simple,TSpä01,Lighter,1,0,visible,"<strong>Delivery time:</strong> 2-3 weeks","small one (e.g. BIG)",,,taxable,,1,,,0,0,,,,,0,,,1,Tools,,,"https://askotec.openculture.agency/wp-content/uploads/IMG_1029.jpg, https://askotec.openculture.agency/wp-content/uploads/IMG_1030.jpg",,,,,,,,,0,Späti,,,,,,1,1,,,
276,simple,TWoo01,Marker,1,0,visible,"<strong>Delivery time:</strong> 2-3 weeks","permanent marker 3000 Edding black",,,taxable,,1,,,0,0,,,,,0,,,"2,99",Tools,,Modulor,"https://askotec.openculture.agency/wp-content/uploads/IMG_1074.jpg, https://askotec.openculture.agency/wp-content/uploads/IMG_1077.jpg",,,,,,,,,0,Woolworth,,,Modulor,https://www.modulor.de/edding-3000-stift-rundspitze-1-5-3-mm-schwarz.html,4500546-001,1,"2,99","2,3",,
280,simple,TPAP04,"Metal ruler",1,0,visible,"<strong>Delivery time:</strong> 2-3 weeks",,,,taxable,,1,,,0,0,,,,,0,,,"0,99",Tools,,Modulor,"https://askotec.openculture.agency/wp-content/uploads/IMG_1035.jpg, https://askotec.openculture.agency/wp-content/uploads/IMG_1034.jpg",,,,,,,,,0,PAPER-LA-PAP,,,Modulor,https://www.modulor.de/stahlmassstab-rostfrei-biegsam-0-5-x-14-x-150.html,151464,1,"0,99","2,4",,
282,simple,Trei10,"Multi Battery Charger",1,0,visible,"<strong>Delivery time:</strong> 2-3 weeks","ANS 1001-0019 PhotoCam Vario, for all rechargeable batteries",,,taxable,,1,,,0,0,,,,,0,,,"18,2",Tools,ASKotec2.0,reichelt,https://askotec.openculture.agency/wp-content/uploads/IMG_0746.jpg,,,,,,,,,0,reichelt,,,,,,1,"18,2",,,
284,simple,TSEG07,Multimeter,1,0,visible,"<strong>Delivery time:</strong> 2-3 weeks","MS 8233 B with display light",,,taxable,,1,,,0,0,,,,,0,,,14,Tools,,SEGOR,"https://askotec.openculture.agency/wp-content/uploads/IMG_0999.jpg, https://askotec.openculture.agency/wp-content/uploads/IMG_0998.jpg, https://askotec.openculture.agency/wp-content/uploads/IMG_1004.jpg, https://askotec.openculture.agency/wp-content/uploads/IMG_1008.jpg",,,,,,,,,0,SEGOR,https://www.segor.de/#Q=MS8233B&amp;M=1,"MS 8233 B",,,,1,14,,,
286,simple,TSAT01,"Laptop Sleeve 11,6“",1,0,visible,"<strong>Delivery time:</strong> 2-3 weeks","Vivanco Notebook Sleeve 11,6“ with usb tray",,,taxable,,1,,,0,0,,,,,0,,,"11,99",Tools,ASKotec2.0,Saturn,"https://askotec.openculture.agency/wp-content/uploads/IMG_1095.jpg, https://askotec.openculture.agency/wp-content/uploads/IMG_1096.jpg, https://askotec.openculture.agency/wp-content/uploads/IMG_1097.jpg",,,,,,,,,0,SATURN,,,,,,1,"11,99",,,
305,simple,TPAP05,Pen,1,0,visible,"<strong>Delivery time:</strong> 2-3 weeks",,,,taxable,,1,,,0,0,,,,,0,,,"0,6",Tools,,Modulor,"https://askotec.openculture.agency/wp-content/uploads/IMG_1080.jpg, https://askotec.openculture.agency/wp-content/uploads/IMG_1078.jpg",,,,,,,,,0,PAPER-LA-PAP,,,Modulor,https://www.modulor.de/schneider-kugelschreiber-k15-stift-blau-oxid-1.html,3004055,1,"0,6","0,65",,
308,simple,TPAP08,Pencil,1,0,visible,"<strong>Delivery time:</strong> 2-3 weeks","Pencil + eraser",,,taxable,,1,,,0,0,,,,,0,,,"1,19",Tools,,Modulor,"https://askotec.openculture.agency/wp-content/uploads/IMG_1041.jpg, https://askotec.openculture.agency/wp-content/uploads/IMG_1038.jpg",,,,,,,,,0,PAPER-LA-PAP,,,Modulor,https://www.modulor.de/bleistift-zedernholz-schwarz-durchgefaerbt-mit-rotem-radierer.html,260168,1,"1,19",,,
310,simple,TPAP09,"Pencil Pouch",1,0,visible,"<strong>Delivery time:</strong> 2-3 weeks","nylon zipper bag",,,taxable,,1,,,0,0,,,,,0,,,"3,79",Tools,,Modulor,"https://askotec.openculture.agency/wp-content/uploads/IMG_1057.jpg, https://askotec.openculture.agency/wp-content/uploads/IMG_1058.jpg, https://askotec.openculture.agency/wp-content/uploads/IMG_1059.jpg",,,,,,,,,0,PAPER-LA-PAP,,,Modulor,https://www.modulor.de/reissverschlussbeutel-transparent-eva-pvc-frei-120-x-210-mm-fuer-din-lang-reissverschluss-blau.html,3012448-ST,1,"3,79","2,5",,
312,simple,TSEG08,"Plastic Containers",1,0,visible,"<strong>Delivery time:</strong> 2-3 weeks","BOX 11/40 small plastic storage container with lid",,,taxable,,1,,,0,0,,,,,0,,,"0,5",Tools,ASKotec2.0,SEGOR,https://askotec.openculture.agency/wp-content/uploads/Plastic-containers.jpg,,,,,,,,,0,SEGOR,https://www.segor.de/#Q=BOX11%252F40&amp;M=1,"BOX 11/40  VORRATSDOSE MIT DECKEL",,,,1,"0,5",,,
313,simple,TMod02,"Plastic Zipper Bag A4",1,0,visible,"<strong>Delivery time:</strong> 2-3 weeks","blue zipper",,,taxable,,1,,,0,0,,,,,0,,,"3,5",Tools,ASKotec2.0,Modulor,"https://askotec.openculture.agency/wp-content/uploads/IMG_1103.jpg, https://askotec.openculture.agency/wp-content/uploads/IMG_1102.jpg",,,,,,,,,0,Modulor,https://www.modulor.de/reissverschlussbeutel-transparent-265-x-350-fuer-din-a4-reissverschluss-blau.html,,,,,1,"3,5",,,
315,simple,TMod01,"Plastic Zipper Bag A6",1,0,visible,"<strong>Delivery time:</strong> 2-3 weeks","orange zipper",,,taxable,,1,,,0,0,,,,,0,,,"1,5",Tools,,Modulor,"https://askotec.openculture.agency/wp-content/uploads/IMG_1100.jpg, https://askotec.openculture.agency/wp-content/uploads/IMG_1099.jpg",,,,,,,,,0,Modulor,https://www.modulor.de/reissverschlussbeutel-transparent-eva-pvc-frei-140-x-178-mm-fuer-din-a6-reissverschluss-orange.html,"140 x 178 mm für DIN A6 (Reißverschluss orange)",,,,1,"1,5",,,
317,simple,TMod05,"Plastic Zipper Bag B6",1,0,visible,"<strong>Delivery time:</strong> 2-3 weeks","red zipper",,,taxable,,1,,,0,0,,,,,0,,,"1,9",Tools,ASKotec2.0,Modulor,"https://askotec.openculture.agency/wp-content/uploads/IMG_1107.jpg, https://askotec.openculture.agency/wp-content/uploads/IMG_1106.jpg",,,,,,,,,0,Modulor,,,,,,,"1,9",,,
319,simple,Trei11,"Protractor / Ruler",1,0,visible,"<strong>Delivery time:</strong> 2-3 weeks","length 160mm",,,taxable,,1,,,0,0,,,,,0,,,"1,75",Tools,,reichelt,"https://askotec.openculture.agency/wp-content/uploads/IMG_1027.jpg, https://askotec.openculture.agency/wp-content/uploads/IMG_1028.jpg",,,,,,,,,0,reichelt,https://www.reichelt.com/geo-dreieck-hypotenuse-laenge-160mm-ar-1552-p53361.html,"AR 1552",,,,1,"1,75","1,75",,
321,simple,TSEG09,"Radio Module",1,0,visible,"<strong>Delivery time:</strong> 2-3 weeks","FM - MODUL SI 4703",,,taxable,,1,,,0,0,,,,,0,,,"7,9",Tools,,SEGOR,"https://askotec.openculture.agency/wp-content/uploads/IMG_1196.jpg, https://askotec.openculture.agency/wp-content/uploads/IMG_1197.jpg, https://askotec.openculture.agency/wp-content/uploads/IMG_1198_1.jpg",,,,,,,,,0,SEGOR,,,,,,1,"7,9",,,
323,simple,Trei12,Scissors,1,0,visible,"<strong>Delivery time:</strong> 2-3 weeks","REXEL 2104242 stainless steel, green",,,taxable,,1,,,0,0,,,,,0,,,"3,95",Tools,,reichelt,https://askotec.openculture.agency/wp-content/uploads/Scissors-1.jpg,,,,,,,,,0,reichelt,https://www.reichelt.com/edelstahlschere-x3-orange-rexel-2104240-p178163.html,"REXEL 2104240",,,,1,"5,35",,,
325,simple,TAMA02,"Sewing Kit",1,0,visible,"<strong>Delivery time:</strong> 2-3 weeks","Norjews sewing kit with 145 accessories, 38 thread rolls. Sewing kit for home, travel and emergency in a black pocket.",,,taxable,,1,,,0,0,,,,,0,,,"1,18",Tools,ASKotec2.0,Amazon,https://askotec.openculture.agency/wp-content/uploads/Tool-bag-soldering-iron-3.jpg,,,,,,,,,0,AMAZON,"https://smile.amazon.de/gp/product/B075ZYCQK1 ",DNo063,,,,1,"1,18",,,
327,simple,TPAP10,Sharpener,1,0,visible,"<strong>Delivery time:</strong> 2-3 weeks",,,,taxable,,1,,,0,0,,,,,0,,,"0,4",Tools,,,https://askotec.openculture.agency/wp-content/uploads/sharpener.jpeg,,,,,,,,,0,PAPER-LA-PAP,,,,,,1,"0,4",,,
328,simple,TPAP11,"Small Brush",1,0,visible,"<strong>Delivery time:</strong> 2-3 weeks","small yellow-haired paint brush",,,taxable,,1,,,0,0,,,,,0,,,"0,85",Tools,,Modulor,https://askotec.openculture.agency/wp-content/uploads/Small-Brush.jpg,,,,,,,,,0,PAPER-LA-PAP,,,Modulor,https://www.modulor.de/naturborstenpinsel-rund-nr-1021-r-groesse-7-b-7-mm.html,157628,1,"0,85",2,,
330,simple,Trei13,"Small Combination Padlock",1,0,visible,"<strong>Delivery time:</strong> 2-3 weeks","CK 370164",,,taxable,,1,,,0,0,,,,,0,,,"5,95",Tools,ASKotec2.0,reichelt,https://askotec.openculture.agency/wp-content/uploads/KH_370164.jpg,,,,,,,,,0,reichelt,"https://www.reichelt.com/de/de/kofferschloss-gepaeckschloss-ck-370164-p152415.html
","CK 370164",reichelt,https://www.reichelt.com/zahlenschloss-3-zahlenreihen-20mm-schwarz-kasp-k10520blad-p134278.html,"KASP K10520BLAD",1,"5,95","5,8",,
333,simple,Trei27,"Soldering Iron Tray",1,0,visible,"<strong>Delivery time:</strong> 2-3 weeks","CLEANER 460A incl. cleaner",,,taxable,,1,,,0,0,,,,,0,,,"5,95",Tools,ASKotec2.0,reichelt,"https://askotec.openculture.agency/wp-content/uploads/Soldering-Iron-Tray-1.jpg, https://askotec.openculture.agency/wp-content/uploads/Soldering-Iron-Tray1-1.jpg, https://askotec.openculture.agency/wp-content/uploads/Soldering-Iron-Tray3-1.jpg, https://askotec.openculture.agency/wp-content/uploads/IMG_0684.jpg, https://askotec.openculture.agency/wp-content/uploads/Soldering-Iron-Tray4-1.jpg",,,,,,,,,0,reichelt,,,,,,1,"5,95",,,
335,simple,TSEG12,"Soldering tip",1,0,visible,"<strong>Delivery time:</strong> 2-3 weeks","round, 3.9mm",,,taxable,,1,,,0,0,,,,,0,,,"1,8",Tools,,SEGOR,"https://askotec.openculture.agency/wp-content/uploads/Soldering-tip-1.jpg, https://askotec.openculture.agency/wp-content/uploads/IMG_1248-1.jpg",,,,,,,,,0,SEGOR,https://www.segor.de/#Q=LK30-L%25C3%25B6tspitze&amp;M=1,LK30-Lötspitze,,,,1,"1,8",,,
337,simple,Trei17,"Travel Box",1,0,visible,"<strong>Delivery time:</strong> 2-3 weeks","Travel bag/box, Wera 2 Go 3, Textile, 325x130x80 mm, black with velcro",,,taxable,,1,,,0,0,,,,,0,,,"25,3",Tools,,reichelt,"https://askotec.openculture.agency/wp-content/uploads/IMG_0831-1.jpg, https://askotec.openculture.agency/wp-content/uploads/IMG_0830-1.jpg",,,,,,,,,0,reichelt,,,,,,1,"25,3",,,
341,simple,Trei24,"Third hand",1,0,visible,"<strong>Delivery time:</strong> 2-3 weeks","Third Hand Tool with Magnifying Glass",,,taxable,,1,,,0,0,,,,,0,,,"4,75",Tools,ASKotec2.0,reichelt,https://askotec.openculture.agency/wp-content/uploads/IMG_0670-1.jpg,,,,,,,,,0,reichelt,https://www.reichelt.de/platinenhalter-mit-lupe-mit-standfuss-helfende-hand-halter-zd-10d-p90934.html,,,,,1,"4,75",,,
343,simple,Trei15,"Tool bag + soldering iron",1,0,visible,"<strong>Delivery time:</strong> 2-3 weeks","FIXPOINT 45243 tool bag + soldering iron, 20 parts",,,taxable,,1,,,0,0,,,,,0,,,"30,95",Tools,,reichelt,"https://askotec.openculture.agency/wp-content/uploads/Tool-bag-and-soldering-iron.jpg, https://askotec.openculture.agency/wp-content/uploads/Tool-bag-and-soldering-iron-1.jpg",,,,,,,,,0,reichelt,https://www.reichelt.com/de/de/werkzeugtasche-und-loetkolben-set-20-teilig-fixpoint-45243-p244928.html,"FIXPOINT 45243",berrybase,https://www.berrybase.de/werkstatt/werkzeug/werkzeugsaetze/werkzeugtasche-mit-20-tlg.-werkzeugset-und-l-246-tset,45243,1,"32,42","28,50",,
346,simple,Trei20,"Travel Adapter",1,0,visible,"<strong>Delivery time:</strong> 2-3 weeks","Welly Enjoy WY13102 universal travel adapter with double USB and power fuse for 150 countries world wide EU Fusion AU black/green",,,taxable,,1,,,0,0,,,,,0,,,"9,9",Tools,,Amazon,"https://askotec.openculture.agency/wp-content/uploads/Travel-Adapter-2.jpg, https://askotec.openculture.agency/wp-content/uploads/Travel-Adapter-3.jpg, https://askotec.openculture.agency/wp-content/uploads/IMG_0684-1.jpg, https://askotec.openculture.agency/wp-content/uploads/IMG_0685-2.jpg, https://askotec.openculture.agency/wp-content/uploads/IMG_0687-1.jpg, https://askotec.openculture.agency/wp-content/uploads/IMG_0688-1.jpg",,,,,,,,,0,AMAZON,https://www.amazon.de/gp/product/B07DRL3RJM/ref=ppx_od_dt_b_asin_title_s00?ie=UTF8,psc=1,WY13102,,,1,1,"9,9",,
347,simple,Trei21,"Universal Mobile repair Kit",1,0,visible,"<strong>Delivery time:</strong> 2-3 weeks","GB 44690 for smartphones, 17 parts, incl. Pentalobe",,,taxable,,1,,,0,0,,,,,0,,,"11,1",Tools,,reichelt,"https://askotec.openculture.agency/wp-content/uploads/Universal-Mobile-repair-Kit.jpg, https://askotec.openculture.agency/wp-content/uploads/IMG_1225.jpg, https://askotec.openculture.agency/wp-content/uploads/IMG_1226.jpg, https://askotec.openculture.agency/wp-content/uploads/IMG_1227.jpg, https://askotec.openculture.agency/wp-content/uploads/IMG_1228.jpg, https://askotec.openculture.agency/wp-content/uploads/IMG_1229.jpg",,,,,,,,,0,reichelt,https://www.reichelt.com/werkzeugsatz-handy-und-smartphone-17-teilig-inkl-pentalobe-gb-44690-p185964.html,"GB 44690",,,,1,"10,8",,,
349,simple,Trei23,"USB flash drive (32GB)",1,0,visible,"<strong>Delivery time:</strong> 2-3 weeks","TOS U301W0320E4 USB-Stick, USB 3.0, 32 GB, U301 white",,,taxable,,1,,,0,0,,,,,0,,,"6,95",Tools,ASKotec2.0,reichelt,"https://askotec.openculture.agency/wp-content/uploads/USB-flash-drive-32GB.jpg, https://askotec.openculture.agency/wp-content/uploads/USB-flash-drive-32GB1.jpg, https://askotec.openculture.agency/wp-content/uploads/USB-flash-drive-32GB3.jpg",,,,,,,,,0,Reichelt,https://www.reichelt.com/de/de/usb-stick-usb-3-0-32-gb-u301-weiss-tos-u301w0320e4-p164697.html,trstct=pol_9,,,,,1,"6,95",,
351,simple,TSEG10,"USB Volt- & Amperemeter",1,0,visible,"<strong>Delivery time:</strong> 2-3 weeks","USB Detector/DualDisplay Charger Doctor",,,taxable,,1,,,0,0,,,,,0,,,"9,8",Tools,,SEGOR,"https://askotec.openculture.agency/wp-content/uploads/USB-Volt-Amperemeter.jpg, https://askotec.openculture.agency/wp-content/uploads/USB-Volt-Amperemeter1.jpg",,,,,,,,,0,"SEGOR
",,,,,,1,"9,8",,,
352,simple,TSEG11,"Wire Cutter",1,0,visible,"<strong>Delivery time:</strong> 2-3 weeks","red &amp",,,taxable,,1,,,0,0,0,,,,0,0,,"4,80",Tools,ASKotec2.0,SEGOR,"https://askotec.openculture.agency/wp-content/uploads/IMG_1267.jpg, https://askotec.openculture.agency/wp-content/uploads/Wire-Cutter.jpg",,,,,,,,,0,SEGOR,https://www.segor.de/#Q=HT-109&amp;M=1,"HT-109 ",,,,1,"4,8",,,
354,simple,TMod04,"Workplace Textile",1,0,visible,"<strong>Delivery time:</strong> 2-3 weeks","A0 heavy cotton, grey",,,taxable,,1,,,0,0,,,,,0,,,"8,9",Tools,ASKotec2.0,Modulor,"https://askotec.openculture.agency/wp-content/uploads/IMG_1010.jpg, https://askotec.openculture.agency/wp-content/uploads/IMG_1011.jpg",,,,,,,,,0,Modulor,,324324,,,,1,"8,9",,,
441,woosg,,"#ASKmod Pencil Case",1,0,visible,"There is a new version available: https://#","<p style=""text-align:right;""><a href=""https://github.com/opencultureagency/ASKmod-Pencil-Case"">#ASKmod Pencil Case on GitHub</a></p>\n\n\n\n[git-github-markdown url=""https://github.com/opencultureagency/ASKmod-Pencil-Case/blob/main/README.md"" cache_ttl=""3600"" cache_strategy=""static""]",,,taxable,,1,,,0,0,,,,,0,,,"24,90",Tools,"ASKmod, ASKotec2.0",,https://askotec.openculture.agency/wp-content/uploads/Stationary-kit-2.jpg,,,,,,,,,0,,,,,,,,,,"310/1,305/1,308/1,256/1,258/1,260/1,274/1,276/1,280/1,319/1,328/1,204/1,323/1,327/1",default
1437,woosg,,"#ASKmod Mechanical Tool Set",1,0,visible,,"<p style=""text-align:right;""><a href=""https://github.com/opencultureagency/ASKotec-ASKmod-Mechanical-Tool-Set"">#ASKmod Mechanical Tool Set on GitHub</a></p>\n\n\n\n[git-github-markdown url=""https://github.com/opencultureagency/ASKmod-Mechanical-Tool-Set/blob/main/README.md"" cache_ttl=""3600"" cache_strategy=""static""]",,,taxable,,1,,,0,0,,,,,0,,,"32,90",Tools,"ASKmod, ASKotec2.0",,"https://askotec.openculture.agency/wp-content/uploads/Mechanical-Tool-Set-2.jpg, https://askotec.openculture.agency/wp-content/uploads/Mechanical-Tool-Set2-2.jpg, https://askotec.openculture.agency/wp-content/uploads/Mechanical-Tool-Set3-2.jpg, https://askotec.openculture.agency/wp-content/uploads/Mechanical-Tool-Set4-2.jpg",,,,,,,,,0,,,,,,,,,,"1580/1,119/1",default
1574,simple,MSEG5,"Battery Case (3-2)",1,0,visible,,"BH 3-2",,,taxable,,1,,,0,0,,,,,0,,,"1,3",Materials,ASKotec2.0,SEGOR,"https://askotec.openculture.agency/wp-content/uploads/IMG_1186.jpg, https://askotec.openculture.agency/wp-content/uploads/IMG_1184.jpg",,,,,,,,,0,SEGOR,,"BH 3-2 Kappe",,,,1,"1,3",,,
1575,simple,MSEG6,"Battery Case (3-3)",1,0,visible,,"BH 3-3 bigger black case + wires",,,taxable,,1,,,0,0,,,,,0,,,"1,5",Materials,ASKotec2.0,SEGOR,"https://askotec.openculture.agency/wp-content/uploads/Battery-Case-3-3.jpg, https://askotec.openculture.agency/wp-content/uploads/IMG_0992.jpg, https://askotec.openculture.agency/wp-content/uploads/IMG_0993.jpg",,,,,,,,,0,SEGOR,,"BH 3-3 Kappe",,,,2,"1,5",,,
1577,simple,,"Single Color Black Wire",1,0,visible,,"LIYV0,5SW 25m (BLACK)",,,taxable,,1,,,0,0,,,,,0,,,7,Materials,ASKotec2.0,SEGOR,https://askotec.openculture.agency/wp-content/uploads/Black_Wire.jpg,,,,,,,,,0,SEGOR,https://www.segor.de/#Q=LiYv0%252C5sw(25m)&amp;M=1,"LiYv 0,5sw (25m)",,,,1,"7,5",,,
1580,simple,TAMA1,"Black+Decker Tool Set",1,0,visible,,"Zubehör-Set mit den wichtigsten Zubehörteilen zum Schrauben, im handlichen Rollpack ideal fürs Auto\n\nInklusive Taschenlampe und Batterien für Arbeiten bei schlechten Lichtverhältnissen\n\nLieferumfang: chrauberbits, Phillips 1 (x3), 2 (x3), 3 (x3) | Schrauberbits, Schlitz 4 (x2), 5 (x2), 6 (x2), 7.2 (x2) mm, Schrauberbits, Torx 10, 15 (x2), 20 (x2), 25 | Schrauberbits, Pozidriv 1, 2 (x3), 3 Schrauber-Klingen, Phillips Ph1, Ph2, Ph3, Schrauber-Klingen Schlitz Sl4, Sl6, Sl7.2, Schrauber-Klingen Torx Tx10, Tx15, Tx20, Tx25, 12 tlg. Innensechskantschlüssel Set, Ringschlüssel 8-10, 10-13, 13-15, 17-19, Spitzzange gerade\n\nKombizange, Stecknussadapter, Stecknüsse 6, 8, 10, 13, 15, 17, 19 mm, Umschaltknarre, Rollgabelschlüssel, Taschenlampe, AA Batterien, 2 Stück, Magnet-Teleskopstab, Bit-Schraubendreher mit Ratsche",,,taxable,,1,,,0,0,,,,,0,,,"28,87",Tools,,Amazon,"https://askotec.openculture.agency/wp-content/uploads/Black-and-Decker.jpg, https://askotec.openculture.agency/wp-content/uploads/Black-and-Decker2-copy.jpg",,,,,,,,,0,Amazon,https://www.amazon.de/gp/product/B003BUAE70/,,,,,1,"28,87",,,,
1583,simple,Tmax1,"MAX520 Case",1,0,visible,,,,,taxable,,1,,,0,0,,,,,0,,,"79,95",Tools,,"MAX Koffer","https://askotec.openculture.agency/wp-content/uploads/MAX520-Case-copy-4.jpg, https://askotec.openculture.agency/wp-content/uploads/IMG_1541-copy.jpg, https://askotec.openculture.agency/wp-content/uploads/IMG_1543-copy.jpg, https://askotec.openculture.agency/wp-content/uploads/IMG_1554-scaled.jpg, https://askotec.openculture.agency/wp-content/uploads/IMG_1567-scaled.jpg",,,,,,,,,0,max-koffer,https://www.max-koffer.de/de/max-koffer-wasserdicht-staubdicht-schlagfest-ip67-getestet/wasserdicht-staubdicht-kunststoffkoffer-in-schwarz-stossfest/max520/,MAX520,,,,1,"79,95",,,,
1584,simple,Tmax2,"MAX520TR backpack system",1,0,visible,,,,,taxable,,1,,,0,0,,,,,0,,,"16,95",Tools,ASKotec2.0,"MAX Koffer","https://askotec.openculture.agency/wp-content/uploads/IMG_1584-copy.jpg, https://askotec.openculture.agency/wp-content/uploads/IMG_1585-copy.jpg, https://askotec.openculture.agency/wp-content/uploads/IMG_1589-copy.jpg, https://askotec.openculture.agency/wp-content/uploads/IMG_1590-copy.jpg",,,,,,,,,0,max-koffer,https://www.max-koffer.de/de/max-koffer-wasserdicht-staubdicht-schlagfest-ip67-getestet/zubeh%C3%B6r/maxpack-rucksack-system-f%C3%BCr-die-modelle-max520tr-max540h190tr-und-max540h245tr/,MAXPACK,,,,1,"16,95",,,,
1585,simple,Tmax3,"MAX520 trolley system",1,0,visible,,,,,taxable,,1,,,0,0,,,,,0,,,45,Tools,ASKotec2.0,"MAX Koffer",https://askotec.openculture.agency/wp-content/uploads/MAX520-trolley-system.jpg,,,,,,,,,0,max-koffer,https://www.max-koffer.de/de/max-koffer-wasserdicht-staubdicht-schlagfest-ip67-getestet/zubeh%C3%B6r/trolley-griff-zur-nachr%C3%BCstung-an-koffer-trolleykoffer-outdoor-wasserdicht-staubdicht-robust/,TROLLEY520,,,,1,45,,,,
1586,simple,Tasi1,Chopsticks,1,0,visible,,"simple chopsticks non conductive material",,,taxable,,1,,,0,0,,,,,0,,,1,Tools,,,https://askotec.openculture.agency/wp-content/uploads/IMG_1081.jpg,,,,,,,,,0,,,,,,,1,1,,,,
1587,simple,MSEG3,"2 Way Switch (I II)",1,0,visible,,"Wippschalter 1xUM Mitte=0\n\n6(2)A 250VAC ON-OFF-ON",,,taxable,,1,,,0,0,,,,,0,,,"3,5",Materials,,SEGOR,"https://askotec.openculture.agency/wp-content/uploads/2wayswitch.jpg, https://askotec.openculture.agency/wp-content/uploads/1-Way-Switch.jpg",,,,,,,,,0,SEGOR,https://www.segor.de/#Q=WS13x19-1US0S,M=1,"WS 13x19-1U S0S",,,,5,"3,5",,,
1639,simple,,"Jumper Wire F/M (PACK OF 40)",1,0,visible,,"FlexJumper 10F/M (40x)",,,taxable,,1,,,0,0,,,,,0,,,"4,5",Materials,,SEGOR,https://askotec.openculture.agency/wp-content/uploads/Jumper-Wire-MM-PACK-OF-40.jpg,,,,,,,,,0,SEGOR,,,,,,1,,,,,
1643,woosg,,"#ASKmod Repair Set",1,0,visible,,"<p style=""text-align: right;""><a href=""https://github.com/opencultureagency/ASKmod-Repair-Set"">#ASKmod Repair Set on GitHub</a></p>\n[git-github-markdown url=""https://github.com/opencultureagency/ASKmod-Repair-Set/blob/main/README.md"" cache_ttl=""3600"" cache_strategy=""static""]",,,taxable,,1,,,0,0,,,,,0,,,80,Tools,"ASKmod, ASKotec2.0",,https://askotec.openculture.agency/wp-content/uploads/IMG_1275.jpg,,,,,,,,,0,,,,,,,,,,"343/1,241/1,271/1,200/1,202/1,335/1,347/1,352/1,93/1,74/4,254/1",default,
1645,simple,,"Tool Kit #ASKotecMod",'-1,0,visible,,,,,taxable,,1,,,0,0,,,,,0,,,,,,,,,,,,,,,,0,,,,,,,,,,,,
1647,woosg,,"#ASKmod Travel Set",1,0,visible,,"<p style=""text-align: right;""><a href=""https://github.com/opencultureagency/ASKmod-Travel-Set"">#ASKmod-Travel-Set on GitHub</a></p>\n[git-github-markdown url=""https://github.com/opencultureagency/ASKmod-Travel-Set/blob/main/README.md"" cache_ttl=""3600"" cache_strategy=""static""]",,,taxable,,1,,,0,0,,,,,0,,,349,Tools,"ASKmod, ASKotec2.0",,"https://askotec.openculture.agency/wp-content/uploads/ASKmod-Travel-Set-scaled.jpg, https://askotec.openculture.agency/wp-content/uploads/ASKmod-Travel-Set1-scaled.jpg, https://askotec.openculture.agency/wp-content/uploads/head-torch.jpg, https://askotec.openculture.agency/wp-content/uploads/dell_E7240.jpeg, https://askotec.openculture.agency/wp-content/uploads/Rechargeable-Batteries-in-a-Case.jpg",,,,,,,,,0,,,,,,,,,,"337/1,85/1,284/1,346/1,1695/1,140/4,1750/1,267/1,270/1,269/1,286/1,349/1",default,
1648,woosg,,"#ASKmod Electronics Assortment Set",1,0,visible,,"<p style=""text-align: right;""><a href=""https://github.com/opencultureagency/ASKmod-Electronics-Assortment-Set"">#ASKmod Electronics Assortment Set on GitHub</a></p>\n[git-github-markdown url=""https://github.com/opencultureagency/ASKmod-Electronics-Assortment-Set/blob/main/README.md"" cache_ttl=""3600"" cache_strategy=""static""]",,,taxable,,1,,,0,0,,,,,0,,,99,Materials,"ASKmod, ASKotec2.0",,"https://askotec.openculture.agency/wp-content/uploads/ASKmod-Electronics-Assortment-Set.jpg, https://askotec.openculture.agency/wp-content/uploads/ASKmod-Electronics-Assortment-Set3.jpg, https://askotec.openculture.agency/wp-content/uploads/ASKmod-Electronics-Assortment-Set2.jpg, https://askotec.openculture.agency/wp-content/uploads/ASKmod-Electronics-Assortment-Set4.jpg",,,,,,,,,0,,,,,,,,,,"239/1,1746/4,131/2,83/10,1702/20,91/10,128/25,129/10,72/10,76/10,97/10,95/10,188/50,191/50,189/50,194/50,190/50,89/2,321/1,351/1",default,
1649,woosg,,"#ASKmod Glue Set",1,0,visible,,"<p style=""text-align: right;""><a href=""https://github.com/opencultureagency/ASKmod-Glue-Kit"">#ASKmod Glue Kit on GitHub</a></p>\n[git-github-markdown url=""https://github.com/opencultureagency/ASKmod-Glue-Kit/blob/main/README.md"" cache_ttl=""3600"" cache_strategy=""static""]",,,taxable,,1,,,0,0,,,,,0,,,"13,90",Materials,"ASKmod, ASKotec2.0",,"https://askotec.openculture.agency/wp-content/uploads/ASKmod-Glue-Set.jpg, https://askotec.openculture.agency/wp-content/uploads/ASKmod-Glue-Set1.jpg",,,,,,,,,0,,,,,,,,,,"315/1,206/1,121/1,208/1",default,
1652,simple,,"Open Documentation Guide",1,0,visible,,,,,taxable,,1,,,0,0,,,,,0,,,1,Information,,,"https://askotec.openculture.agency/wp-content/uploads/IMG_0976.jpg, https://askotec.openculture.agency/wp-content/uploads/IMG_0977.jpg",,,,,,,,,0,,,,,,,,,,,,
1693,simple,,"10Stk CR-V Torx Bits",1,0,visible,,"Bit T3,T4,T5,T6,T7,T8,T9,T10,T15,T2",,,taxable,,1,,,0,0,,,,,0,,,"1,87",Tools,,Ebay,https://askotec.openculture.agency/wp-content/uploads/cr-v-torx-bits-2.jpg,,,,,,,,,0,ebay,https://www.ebay.de/itm/10Stk-CR-V-Torx-Bits-Biteinsatz-Bit-T3-T4-T5-T6-T7-T8-T9-T10-T15-T20-TX-Bits/193255538457?hash=item2cfeed7f19:g:0bcAAOSwBrRd88Rr,,,,,1,"1,87",,,,
1694,woosg,,"#ASKmod Mobile repair Kit",1,0,visible,,,,,taxable,,1,,,0,0,,,,,0,,,12,Tools,"ASKmod, ASKotec2.0",,https://askotec.openculture.agency/wp-content/uploads/2020/01/DSCF8784.jpg,,,,,,,,,0,,,,,,,,,,"347/1,1693/1",default,
1695,simple,,"LED Headlight",1,0,visible,,"HyCell Headlamp LED Headlight with 4 different light functions.\n\nLight range according to ANSI 50 m\nLight duration: 8 h at 100% or 30 h at 30%.\nLuminous flux 80 lm\nWeight: 74 g\n1x LED with 1 W\nsplash-proof thanks to IP54\n4 different light functions: 100% luminosity, 30% luminosity, red light, flashing light\npowered by 3x Micro / AAA / LR03 batteries",,,taxable,,1,,,0,0,,,,,0,,,"13,30",Tools,ASKotec2.0,reichelt,https://askotec.openculture.agency/wp-content/uploads/head-torch.jpg,,,,,,,,,0,reichelt,https://www.reichelt.com/led-stirnleuchte-80-lm-weiss-grau-3x-aaa-micro--ans-1600-0077-p214541.html?CCOUNTRY=445&LANGUAGE=de&&r=1,"ANS 1600-0077",,,,1,,,,,[]
1702,simple,,Diodes,1,0,visible,,"1000V 1A UNIVERSAL DIODE (1N 4007)",,,taxable,,1,,,0,0,,,,,0,,,"0,04",Materials,ASKotec2.0,reichelt,https://askotec.openculture.agency/wp-content/uploads/100-resistor.jpg,,,,,,,,,0,reichelt,https://www.reichelt.de/gleichrichterdiode-1000-v-1-a-do-41-1n-4007-p1729.html,,SEGOR,https://www.segor.de/#Q=1N4007&M=1,"1N 4007",20,0.02,"0,04",,,
1741,woosg,,"'-#ASKotec 2.0 complete Kit-",1,0,visible,,"This is the whole #ASKotec Kit according to <a href=""https://github.com/opencultureagency/ASKotec"">version 2.0</a>.\n\n&nbsp;",,,taxable,,1,,,0,0,,,,,0,,,1500,"Kit, Tools",ASKotec2.0,,"https://askotec.openculture.agency/wp-content/uploads/ASKotec_history_v.2.0.jpg, https://askotec.openculture.agency/wp-content/uploads/ASKotec-spread-parts-scaled.jpg",,,,,,,,,0,,,,,,,,,,"1583/1,1585/1,1584/1,270/1,269/1,286/1,349/1,248/1,323/1,116/1,134/1,110/1,250/1,1652/1,69/1,67/1,64/1,337/1,346/1,284/1,267/1,140/8,1750/2,85/1,1695/1,239/1,83/10,1746/4,131/2,91/10,129/10,128/25,1702/20,72/10,76/10,97/10,95/10,188/50,191/50,189/50,194/50,190/50,89/2,351/1,262/1,195/1,1580/1,119/1,325/1,282/1,341/1,333/1,101/1,198/1,343/1,271/1,241/1,74/4,200/1,202/1,335/1,254/1,93/1,352/1,347/1,1693/1,354/1,237/1,99/5,232/1,243/1,321/1,265/1,127/1,1639/1,114/1,210/1,1577/1,197/1,79/10,136/2,1575/2,1574/1,312/4,206/1,208/1,121/1,235/1,123/1,310/1,1586/1,280/1,260/1,276/1,256/1,258/1,204/3,274/1,327/1,305/1,308/1,319/1,328/1,138/20,313/1,315/5,317/1,330/1,252/1,1756/1,1761/2,1765/1,1768/1",default,
1746,simple,,"Bread Board 170",1,0,visible,,,,,taxable,,1,,,0,0,,,,,0,,,"2,7",Materials,ASKotec2.0,SEGOR,,,,,,,,,,0,SEGOR,,,,https://www.reichelt.com/de/de/experimentier-steckboard-170-kontakte-weiss-steckboard-mw-p122086.html,,,"2,7",,,,
1747,woosg,,"#ASKmod Arduino Set",1,0,visible,,,,,taxable,,1,,,0,0,,,,,0,,,95,Tools,,,https://askotec.openculture.agency/wp-content/uploads/IMG_0657.jpg,,,,,,,,,0,,,,,,,,,,"237/1,243/1,232/1,321/1,265/1,1639/1,127/1,99/1",default,
1750,simple,,"Battery case for 4x AA batteries",1,0,visible,,,,,taxable,,1,,,0,0,,,,,0,,,"1,00",Tools,ASKotec2.0,reichelt,https://askotec.openculture.agency/wp-content/uploads/IMG_0823.jpg,,,,,,,,,0,,,,,,,,,,,,
1756,simple,Tkle2,"Hook tape (30mm) per 1m",1,0,visible,,,,,taxable,,1,,,0,0,,,,,0,,,"2,90",Tools,ASKotec2.0,Klettladen.de,https://askotec.openculture.agency/wp-content/uploads/Hook-and-Loop-1-scaled.jpg,,,,,,,,,0,Klettladen,https://www.klettladen.de/product_info.php/products_id/168,,,,,,"2,90",,,,
1761,simple,Tkle1,"Loop tape (100mm) per 1m",1,0,visible,,,,,taxable,,1,,,0,0,,,,,0,,,"6,88",Tools,ASKotec2.0,Klettladen.de,https://askotec.openculture.agency/wp-content/uploads/Hook-and-Loop-2-scaled.jpg,,,,,,,,,0,Klettladen,https://www.klettladen.de/product_info.php/products_id/165,,,,,,"6,88",,,,
1765,simple,,"Packing Guide 2.0",1,0,visible,,,,,taxable,,1,,,0,0,,,,,0,,,1,Information,ASKotec2.0,,https://askotec.openculture.agency/wp-content/uploads/Packing-Guide.png,,,,,,,,,0,,,,,,,,,,,,
1768,simple,,"Content-List of all Items 2.0",1,0,visible,,,,,taxable,,1,,,0,0,,,,,0,,,1,Information,ASKotec2.0,,https://askotec.openculture.agency/wp-content/uploads/Content-List.png,,,,,,,,,0,,,,,,,,,,,,
